id,username
c7378536-a150-4b67-8730-67dfecc30923,tinymeercat901
b7820678-1329-4834-b33b-772e6b733a12,whitekoala768
e076a482-ec76-43c0-a9f0-1db00fe5d39e,heavyladybug904
f1a3ef62-2d0b-42a2-9253-faab6e57734f,blackswan244
74241257-eaeb-4e09-8f75-beb87bbe3c3e,blackfish414
ba5af6dd-6419-417c-b4f1-26b3f2893af7,orangegorilla459
cdd78751-416e-4b53-8cf2-8023e8cc578a,blackswan175
bdd75094-c323-4e9e-bca0-43fb04962cd2,silverlion445
6b4b69ef-93d7-4b30-8570-a64a800b7e9c,silverbutterfly486
d5a347c8-175e-4c69-9620-ae376be9f97f,purpleelephant300
af6e421b-95c1-41cf-bbb1-89412b07ea0b,angrykoala134
b86028ef-c8cc-4f11-9589-fb122e14412c,organicmouse218
5313ffe5-7fde-4344-9495-d1fe82372366,tinykoala952
5b8c4f4d-0700-4587-9963-b86de72df05d,happybird104
4d0d8558-9fa6-4f70-b33d-9040e7c62707,purpleladybug916
4d571d56-545c-4b89-b302-cc28471acdad,brownswan589
dff9b7f0-fefc-4964-90a2-7a68fb710269,bigbird382
4b4ccb4b-3a28-4abd-97d3-fa60c92f96e5,bigpanda477
094e37f7-4c11-4267-8e53-92f77dcf930b,purplemouse987
3130adf1-4b17-4fbd-a013-0592992e43da,smallfish589
67f4ef74-b52e-4f13-8ffd-5846b9627230,heavywolf279
dc0ab433-1031-4227-9c4b-96d741d29370,sadzebra266
c85881b8-83e2-4cbe-8863-be6191a76e2a,tinyswan846
55caa737-cd13-4777-be67-c5dd19d71b71,blackmouse370
6e9c2315-ce5a-4355-9d61-76cfe4a5ae9d,crazyostrich395
c3e9ee4d-5054-4324-8dd3-c017515b348b,heavyzebra890
e3194466-0ad7-4220-87a7-6abb66c810e2,beautifulfrog283
7d5bdc04-9576-4bd3-b719-7899ba275b16,ticklishladybug911
7ac31ad6-086c-49f9-8747-61416d623c08,tinywolf368
b819f4d4-9edb-4b9f-99e5-b1767d49100a,lazyladybug294
cb21729a-0ab5-41cf-ad0f-e67bb2121615,ticklishmouse923
d53e1166-8747-4043-a4aa-8459b0779b65,lazyladybug152
b188f683-d3fa-4728-b824-4fca9606d4d7,yellowbird915
bd69425e-dafc-491c-a0d1-b88e02116fb3,yellowsnake516
5008566b-6018-4688-9fc4-fa81216bddba,heavyswan541
e57d2e08-7b4b-41fd-8690-b1ba03fcb103,lazymouse994
526c4e19-710a-4dee-acb3-b82e759e4de1,redduck679
f21a413a-79aa-4bac-bfa8-2a67b99cbf8a,brownduck675
2a326ae2-801a-40d9-82b2-e5b5c3046e73,crazygoose999
953089db-84d9-4bbd-8adf-1574b28163e9,beautifulladybug904
3e9d0c9c-e92f-49b3-aaec-44f16803dac3,greenbird127
51a39e10-fc4c-4d6c-be6d-a137cb3e06e1,yellowsnake421
db9365f6-05c1-4633-b260-72c81d08d69c,ticklishwolf943
dd09847b-d028-42f9-81e1-09c8b004aa48,sadduck995
717ba9f0-bab2-468b-98b0-4f423c7d7385,silverbear211
0ae8a506-539c-4cca-8c55-c786091bf0dc,blackfrog302
958eb546-76f0-4da2-9653-25a00504af38,organicfrog347
fd96c57e-d2ff-4e74-993f-3762b95eca92,whitefrog443
789031a6-1f35-42b6-a2a4-1bf5269d07bc,redladybug393
ca22de52-8025-4243-9390-cf1d43890c0a,tinyleopard765
